Domain,RT,FR,CR,OR
Proposed,0.28723,0.0381,0.104,0.103
He2017,0.96542,0.0394,0.0874,0.211
Zhu2015,2.1153,0.0207,0.188,0.125
Fu2014,7.105,0.0496,0.0803,0.103