Domain,RT
Occ+FP,0.29678
Occ+F,0.76545
He2017,0.93725
Fu2014,6.889
Feng2012,2.062
