Domain,RT,FR,CR,OR
1,1.6246,0.456,0.0183,2.12e-005
10,1.4059,0.407,0.0205,1.79e-005
50,1.1404,0.311,0.0268,0.00279
100,1.0466,0.271,0.0306,0.00818
500,0.90602,0.211,0.0382,0.0377
1000,0.90604,0.21,0.0383,0.0405
5000,0.90604,0.21,0.0383,0.0405
