Domain,RT,FR,CR,OR
10,0.77792,0.331,0.0247,0.022
20,0.90159,0.21,0.0384,0.0373
30,0.96043,0.16,0.0496,0.054
40,1.0502,0.131,0.0597,0.067
50,1.0981,0.113,0.0686,0.0733
