Domain,RT,FR,CR,OR
10,2.7337,1.31,0.04,0.000226
20,4.0147,1.16,0.0451,0.000212
30,5.3581,1.11,0.0473,0.000212
40,6.6547,1.08,0.0487,0.00021
50,7.6857,1.06,0.0494,0.000204
