Domain,RT,FR,CR,OR
$9\times16$,4.0928,1.16,0.0451,0.000212
$18\times32$,12.95,0.92,0.0569,0.00101
$36\times64$,44.771,0.776,0.0673,0.00339
$72\times128$,172.94,0.689,0.0755,0.00643
