Domain,RT,FR,CR,OR
$9\times16$,2.9056,0.762,0.0633,0.000161
$18\times32$,8.7792,0.582,0.0827,0.00151
$36\times64$,31.243,0.481,0.0998,0.00449
$72\times128$,135.89,0.45,0.106,0.00584
