Domain,RT,FR,CR,OR
10,2.0776,0.918,0.0525,0.000113
20,2.8743,0.762,0.0633,0.000161
30,3.5148,0.69,0.0699,0.000225
40,4.2334,0.654,0.0737,0.000227
50,4.9363,0.645,0.0747,0.000218
