Domain,RT,FR,CR,OR
$9\times16$,3.2805,0.711,0.0548,0.000338
$18\times32$,10.576,0.525,0.074,0.00213
$36\times64$,36.882,0.46,0.0842,0.00467
$72\times128$,159.9,0.428,0.0904,0.00761
