Domain,RT,FR,CR,OR
10,2.4369,1.05,0.0499,0.00387
20,3.3742,0.885,0.0589,0.00521
30,4.374,0.83,0.0628,0.00539
40,5.3581,0.812,0.0641,0.00548
50,6.2642,0.793,0.0657,0.00536
60,8.5449,0.771,0.0676,0.00566
70,8.0138,0.78,0.0668,0.00505
80,9.1854,0.768,0.0679,0.00529
90,10.248,0.764,0.0682,0.00504
100,11.763,0.766,0.0681,0.00504
