Domain,RT,FR,CR,OR
10,1.7496,0.742,0.0769,0.00331
20,2.2495,0.558,0.102,0.00469
30,2.7494,0.51,0.112,0.00456
40,3.3742,0.492,0.116,0.00407
50,3.8116,0.459,0.124,0.00493
60,4.2178,0.449,0.127,0.0049
70,5.8736,0.448,0.127,0.00429
80,5.155,0.43,0.133,0.00482
90,5.8111,0.43,0.133,0.0046
100,6.1704,0.427,0.134,0.00477
